text,available_at
公司獲利成長 訂單突破 第0則,2026-01-05T08:01:00+08:00
公司虧損惡化 訂單衰退 第1則,2026-01-08T08:01:00+08:00
公司公告會議 日期確認 第2則,2026-01-11T08:01:00+08:00
公司獲利成長 訂單突破 第3則,2026-01-14T08:01:00+08:00
公司虧損惡化 訂單衰退 第4則,2026-01-17T08:01:00+08:00
公司公告會議 日期確認 第5則,2026-01-20T08:01:00+08:00
公司獲利成長 訂單突破 第6則,2026-01-23T08:01:00+08:00
公司虧損惡化 訂單衰退 第7則,2026-01-26T08:01:00+08:00
公司公告會議 日期確認 第8則,2026-01-29T08:01:00+08:00
公司獲利成長 訂單突破 第9則,2026-02-01T08:01:00+08:00
公司虧損惡化 訂單衰退 第10則,2026-02-04T08:01:00+08:00
公司公告會議 日期確認 第11則,2026-02-07T08:01:00+08:00
