symbol,entry_at,exit_at,entry_price,exit_price
DEMO,2026-01-05T09:01:00+08:00,2026-01-06T09:01:00+08:00,100,102
DEMO,2026-01-08T09:01:00+08:00,2026-01-09T09:01:00+08:00,100,98
DEMO,2026-01-11T09:01:00+08:00,2026-01-12T09:01:00+08:00,100,100.2
DEMO,2026-01-14T09:01:00+08:00,2026-01-15T09:01:00+08:00,100,102
DEMO,2026-01-17T09:01:00+08:00,2026-01-18T09:01:00+08:00,100,98
DEMO,2026-01-20T09:01:00+08:00,2026-01-21T09:01:00+08:00,100,100.2
DEMO,2026-01-23T09:01:00+08:00,2026-01-24T09:01:00+08:00,100,102
DEMO,2026-01-26T09:01:00+08:00,2026-01-27T09:01:00+08:00,100,98
DEMO,2026-01-29T09:01:00+08:00,2026-01-30T09:01:00+08:00,100,100.2
DEMO,2026-02-01T09:01:00+08:00,2026-02-02T09:01:00+08:00,100,102
DEMO,2026-02-04T09:01:00+08:00,2026-02-05T09:01:00+08:00,100,98
DEMO,2026-02-07T09:01:00+08:00,2026-02-08T09:01:00+08:00,100,100.2
