symbol,open_at,close_at,Open,High,Low,Close,Volume
DEMO,2026-01-05T09:00:00+08:00,2026-01-05T13:30:00+08:00,100,102,99,100.5,100000
DEMO,2026-01-06T09:00:00+08:00,2026-01-06T13:30:00+08:00,101,103,100,101.5,100000
DEMO,2026-01-07T09:00:00+08:00,2026-01-07T13:30:00+08:00,102,104,101,102.5,100000
DEMO,2026-01-08T09:00:00+08:00,2026-01-08T13:30:00+08:00,103,105,102,103.5,100000
DEMO,2026-01-09T09:00:00+08:00,2026-01-09T13:30:00+08:00,104,106,103,104.5,100000
DEMO,2026-01-12T09:00:00+08:00,2026-01-12T13:30:00+08:00,105,107,104,105.5,100000
DEMO,2026-01-13T09:00:00+08:00,2026-01-13T13:30:00+08:00,106,108,105,106.5,100000
DEMO,2026-01-14T09:00:00+08:00,2026-01-14T13:30:00+08:00,107,109,106,107.5,100000
DEMO,2026-01-15T09:00:00+08:00,2026-01-15T13:30:00+08:00,108,110,107,108.5,100000
DEMO,2026-01-16T09:00:00+08:00,2026-01-16T13:30:00+08:00,109,111,108,109.5,100000
DEMO,2026-01-19T09:00:00+08:00,2026-01-19T13:30:00+08:00,110,112,109,110.5,100000
DEMO,2026-01-20T09:00:00+08:00,2026-01-20T13:30:00+08:00,111,113,110,111.5,100000
DEMO,2026-01-21T09:00:00+08:00,2026-01-21T13:30:00+08:00,112,114,111,112.5,100000
DEMO,2026-01-22T09:00:00+08:00,2026-01-22T13:30:00+08:00,113,115,112,113.5,100000
DEMO,2026-01-23T09:00:00+08:00,2026-01-23T13:30:00+08:00,114,116,113,114.5,100000
DEMO,2026-01-26T09:00:00+08:00,2026-01-26T13:30:00+08:00,115,117,114,115.5,100000
